Array IDX,Name,Card 1,Card 2,Shape,Hand,Rank
0,9c4c,9c,4c,Suited,94s,106
1,Kh8d,Kh,8d,Offsuit,K8o,112
2,7h3h,7h,3h,Suited,73s,103
3,Ks3s,Ks,3s,Suited,K3s,59
4,Jd6c,Jd,6c,Offsuit,J6o,147
5,9s5c,9s,5c,Offsuit,95o,150
6,KsQc,Ks,Qc,Offsuit,KQo,20
7,Qd8c,Qd,8c,Offsuit,Q8o,115
8,5s2s,5s,2s,Suited,52s,92
9,7s6c,7s,6c,Offsuit,76o,121
10,TsTh,Th,Ts,Pair,TT,10
11,8s2s,8s,2s,Suited,82s,118
12,Ad9d,Ad,9d,Suited,A9s,19
13,Ah2c,Ah,2c,Offsuit,A2o,117
14,7h6h,7h,6h,Suited,76s,56
15,Qs6h,Qs,6h,Offsuit,Q6o,137
16,Ts5c,Ts,5c,Offsuit,T5o,157
17,8d4c,8d,4c,Offsuit,84o,156
18,Tc6c,Tc,6c,Suited,T6s,74
19,Th5d,Th,5d,Offsuit,T5o,157
20,Ac8s,Ac,8s,Offsuit,A8o,91
21,Ad6d,Ad,6d,Suited,A6s,34
22,Kc6c,Kc,6c,Suited,K6s,53
23,Qs4s,Qs,4s,Suited,Q4s,71
24,AsAd,Ad,As,Pair,AA,1
25,Qc6s,Qc,6s,Offsuit,Q6o,137
26,Tc7c,Tc,7c,Suited,T7s,57
27,Ah3h,Ah,3h,Suited,A3s,33
28,AsJc,As,Jc,Offsuit,AJo,27
29,Js3d,Js,3d,Offsuit,J3o,153
30,8d4s,8d,4s,Offsuit,84o,156
31,4c3c,4c,3c,Suited,43s,84
32,As6d,As,6d,Offsuit,A6o,113
33,3d2d,3d,2d,Suited,32s,105
34,9d8h,9d,8h,Offsuit,98o,99
35,Jc7s,Jc,7s,Offsuit,J7o,129
36,6d5h,6d,5h,Offsuit,65o,123
37,AsJs,As,Js,Suited,AJs,8
38,9s5d,9s,5d,Offsuit,95o,150
39,9d3d,9d,3d,Suited,93s,107
40,Kc3c,Kc,3c,Suited,K3s,59
41,7h4d,7h,4d,Offsuit,74o,145
42,As3d,As,3d,Offsuit,A3o,109
43,9h5h,9h,5h,Suited,95s,88
44,Ts5h,Ts,5h,Offsuit,T5o,157
45,Kh2d,Kh,2d,Offsuit,K2o,135
46,5d3c,5d,3c,Offsuit,53o,138
47,QcJc,Qc,Jc,Suited,QJs,13
48,Qh2c,Qh,2c,Offsuit,Q2o,146
49,6d3d,6d,3d,Suited,63s,90
50,Qc4s,Qc,4s,Offsuit,Q4o,143
51,9s9d,9d,9s,Pair,99,17
52,KdJs,Kd,Js,Offsuit,KJo,31
53,QsQd,Qd,Qs,Pair,QQ,3
54,5d4h,5d,4h,Offsuit,54o,127
55,8h3s,8h,3s,Offsuit,83o,167
56,8h2s,8h,2s,Offsuit,82o,168
57,7c5c,7c,5c,Suited,75s,67
58,AsTd,As,Td,Offsuit,ATo,42
59,7s6h,7s,6h,Offsuit,76o,121
60,Jd8h,Jd,8h,Offsuit,J8o,108
61,Ah2s,Ah,2s,Offsuit,A2o,117
62,Ts8d,Ts,8d,Offsuit,T8o,100
63,4d3s,4d,3s,Offsuit,43o,142
64,Ks9c,Ks,9c,Offsuit,K9o,81
65,Qd8h,Qd,8h,Offsuit,Q8o,115
66,Kd4c,Kd,4c,Offsuit,K4o,132
67,AsKh,As,Kh,Offsuit,AKo,11
68,Jd5c,Jd,5c,Offsuit,J5o,149
69,ThTc,Tc,Th,Pair,TT,10
70,9d2d,9d,2d,Suited,92s,111
71,Kc5c,Kc,5c,Suited,K5s,55
72,As8s,As,8s,Suited,A8s,24
73,7d5h,7d,5h,Offsuit,75o,130
74,Jc4c,Jc,4c,Suited,J4s,86
75,KcTh,Kc,Th,Offsuit,KTo,45
76,7c5s,7c,5s,Offsuit,75o,130
77,QsTc,Qs,Tc,Offsuit,QTo,49
78,AhQs,Ah,Qs,Offsuit,AQo,18
79,Ts4c,Ts,4c,Offsuit,T4o,158
80,Kh5c,Kh,5c,Offsuit,K5o,128
81,9c5s,9c,5s,Offsuit,95o,150
82,Qc4h,Qc,4h,Offsuit,Q4o,143
83,JdTc,Jd,Tc,Offsuit,JTo,47
84,Ac7d,Ac,7d,Offsuit,A7o,102
85,Jd6d,Jd,6d,Suited,J6s,79
86,Ah8s,Ah,8s,Offsuit,A8o,91
87,As5s,As,5s,Suited,A5s,28
88,Td7d,Td,7d,Suited,T7s,57
89,Jd7s,Jd,7s,Offsuit,J7o,129
90,Qd6d,Qd,6d,Suited,Q6s,66
91,5c3c,5c,3c,Suited,53s,77
92,8h7s,8h,7s,Offsuit,87o,114
93,Kh2h,Kh,2h,Suited,K2s,60
94,6s6d,6d,6s,Pair,66,36
95,7c3s,7c,3s,Offsuit,73o,161
96,5s4h,5s,4h,Offsuit,54o,127
97,Js5c,Js,5c,Offsuit,J5o,149
98,8c6d,8c,6d,Offsuit,86o,126
99,8d7c,8d,7c,Offsuit,87o,114
100,9d7s,9d,7s,Offsuit,97o,119
101,7h6s,7h,6s,Offsuit,76o,121
102,Ac7h,Ac,7h,Offsuit,A7o,102
103,Ac6d,Ac,6d,Offsuit,A6o,113
104,Qd4s,Qd,4s,Offsuit,Q4o,143
105,Qc9c,Qc,9c,Suited,Q9s,25
106,KdKc,Kc,Kd,Pair,KK,2
107,9s8c,9s,8c,Offsuit,98o,99
108,Tc5c,Tc,5c,Suited,T5s,93
109,AcTs,Ac,Ts,Offsuit,ATo,42
110,3d3c,3c,3d,Pair,33,51
111,AdAc,Ac,Ad,Pair,AA,1
112,8d3s,8d,3s,Offsuit,83o,167
113,9c6s,9c,6s,Offsuit,96o,134
114,9s5s,9s,5s,Suited,95s,88
115,AcKh,Ac,Kh,Offsuit,AKo,11
116,5c4s,5c,4s,Offsuit,54o,127
117,AdJd,Ad,Jd,Suited,AJs,8
118,4h2c,4h,2c,Offsuit,42o,154
119,As9s,As,9s,Suited,A9s,19
120,Td2c,Td,2c,Offsuit,T2o,162
121,5d2s,5d,2s,Offsuit,52o,151
122,Jh5c,Jh,5c,Offsuit,J5o,149
123,Kh6s,Kh,6s,Offsuit,K6o,125
124,8s7h,8s,7h,Offsuit,87o,114
125,Jh3s,Jh,3s,Offsuit,J3o,153
126,AsTs,As,Ts,Suited,ATs,12
127,5c4d,5c,4d,Offsuit,54o,127
128,Jc6c,Jc,6c,Suited,J6s,79
129,Js6s,Js,6s,Suited,J6s,79
130,AcKs,Ac,Ks,Offsuit,AKo,11
131,Ac3s,Ac,3s,Offsuit,A3o,109
132,Jd2d,Jd,2d,Suited,J2s,89
133,6h4h,6h,4h,Suited,64s,70
134,Ts9d,Ts,9d,Offsuit,T9o,73
135,8c4h,8c,4h,Offsuit,84o,156
136,Qc6h,Qc,6h,Offsuit,Q6o,137
137,AsTh,As,Th,Offsuit,ATo,42
138,4s3d,4s,3d,Offsuit,43o,142
139,4h3d,4h,3d,Offsuit,43o,142
140,Qc5h,Qc,5h,Offsuit,Q5o,141
141,Ac6c,Ac,6c,Suited,A6s,34
142,8h7c,8h,7c,Offsuit,87o,114
143,4h2d,4h,2d,Offsuit,42o,154
144,Kh7h,Kh,7h,Suited,K7s,44
145,KhQs,Kh,Qs,Offsuit,KQo,20
146,Kh9c,Kh,9c,Offsuit,K9o,81
147,9h6c,9h,6c,Offsuit,96o,134
148,Jh2s,Jh,2s,Offsuit,J2o,155
149,KsTh,Ks,Th,Offsuit,KTo,45
150,Tc2d,Tc,2d,Offsuit,T2o,162
151,3d2c,3d,2c,Offsuit,32o,159
152,Ts6h,Ts,6h,Offsuit,T6o,140
153,5h5c,5c,5h,Pair,55,46
154,3h3c,3c,3h,Pair,33,51
155,Js7h,Js,7h,Offsuit,J7o,129
156,Kh7c,Kh,7c,Offsuit,K7o,122
157,Kh9h,Kh,9h,Suited,K9s,22
158,9c2c,9c,2c,Suited,92s,111
159,Td6h,Td,6h,Offsuit,T6o,140
160,Kc7s,Kc,7s,Offsuit,K7o,122
161,Kh9s,Kh,9s,Offsuit,K9o,81
162,7d4d,7d,4d,Suited,74s,85
163,Qc6d,Qc,6d,Offsuit,Q6o,137
164,Qd7s,Qd,7s,Offsuit,Q7o,131
165,6h2s,6h,2s,Offsuit,62o,163
166,Kc6h,Kc,6h,Offsuit,K6o,125
167,7s3h,7s,3h,Offsuit,73o,161
168,QcTd,Qc,Td,Offsuit,QTo,49
169,6d4c,6d,4c,Offsuit,64o,136
170,9d4h,9d,4h,Offsuit,94o,164
171,9d2h,9d,2h,Offsuit,92o,166
172,Ac2d,Ac,2d,Offsuit,A2o,117
173,As2h,As,2h,Offsuit,A2o,117
174,Js3h,Js,3h,Offsuit,J3o,153
175,8c6c,8c,6c,Suited,86s,62
176,5h3c,5h,3c,Offsuit,53o,138
177,Ks7c,Ks,7c,Offsuit,K7o,122
178,Ah7s,Ah,7s,Offsuit,A7o,102
179,Qd2h,Qd,2h,Offsuit,Q2o,146
180,Kd5d,Kd,5d,Suited,K5s,55
181,AcJh,Ac,Jh,Offsuit,AJo,27
182,Qs3c,Qs,3c,Offsuit,Q3o,144
183,Ad4c,Ad,4c,Offsuit,A4o,104
184,Qh7d,Qh,7d,Offsuit,Q7o,131
185,9d7h,9d,7h,Offsuit,97o,119
186,Jc3h,Jc,3h,Offsuit,J3o,153
187,8d8c,8c,8d,Pair,88,21
188,8d2s,8d,2s,Offsuit,82o,168
189,7h2c,7h,2c,Offsuit,72o,169
190,6c5h,6c,5h,Offsuit,65o,123
191,7d5s,7d,5s,Offsuit,75o,130
192,8c4s,8c,4s,Offsuit,84o,156
193,AdKs,Ad,Ks,Offsuit,AKo,11
194,QhTc,Qh,Tc,Offsuit,QTo,49
195,Td7c,Td,7c,Offsuit,T7o,124
196,KhQd,Kh,Qd,Offsuit,KQo,20
197,Td2s,Td,2s,Offsuit,T2o,162
198,7s6s,7s,6s,Suited,76s,56
199,Kh5s,Kh,5s,Offsuit,K5o,128
200,Tc9h,Tc,9h,Offsuit,T9o,73
201,Qs5s,Qs,5s,Suited,Q5s,69
202,7d7c,7c,7d,Pair,77,29
203,Ks5s,Ks,5s,Suited,K5s,55
204,6c2h,6c,2h,Offsuit,62o,163
205,Ts3c,Ts,3c,Offsuit,T3o,160
206,Qd6s,Qd,6s,Offsuit,Q6o,137
207,Js7c,Js,7c,Offsuit,J7o,129
208,KsJs,Ks,Js,Suited,KJs,9
209,Jc7h,Jc,7h,Offsuit,J7o,129
210,5c3h,5c,3h,Offsuit,53o,138
211,9c5d,9c,5d,Offsuit,95o,150
212,As5h,As,5h,Offsuit,A5o,101
213,8s2c,8s,2c,Offsuit,82o,168
214,Ts2h,Ts,2h,Offsuit,T2o,162
215,5c2s,5c,2s,Offsuit,52o,151
216,Qh9d,Qh,9d,Offsuit,Q9o,83
217,KhTc,Kh,Tc,Offsuit,KTo,45
218,6d6c,6c,6d,Pair,66,36
219,Js4d,Js,4d,Offsuit,J4o,152
220,AhTh,Ah,Th,Suited,ATs,12
221,9c2d,9c,2d,Offsuit,92o,166
222,JcTd,Jc,Td,Offsuit,JTo,47
223,5h4c,5h,4c,Offsuit,54o,127
224,6s3d,6s,3d,Offsuit,63o,148
225,7d4h,7d,4h,Offsuit,74o,145
226,Kd4h,Kd,4h,Offsuit,K4o,132
227,6c4h,6c,4h,Offsuit,64o,136
228,9h8c,9h,8c,Offsuit,98o,99
229,JhJc,Jc,Jh,Pair,JJ,5
230,Qs9h,Qs,9h,Offsuit,Q9o,83
231,Th7s,Th,7s,Offsuit,T7o,124
232,AhQh,Ah,Qh,Suited,AQs,6
233,Jh6s,Jh,6s,Offsuit,J6o,147
234,KcTd,Kc,Td,Offsuit,KTo,45
235,As9h,As,9h,Offsuit,A9o,76
236,Js9h,Js,9h,Offsuit,J9o,80
237,KsTd,Ks,Td,Offsuit,KTo,45
238,8c7d,8c,7d,Offsuit,87o,114
239,5c2h,5c,2h,Offsuit,52o,151
240,AhTs,Ah,Ts,Offsuit,ATo,42
241,4s2h,4s,2h,Offsuit,42o,154
242,Kd3s,Kd,3s,Offsuit,K3o,133
243,Td2d,Td,2d,Suited,T2s,98
244,KhJd,Kh,Jd,Offsuit,KJo,31
245,2s2d,2d,2s,Pair,22,52
246,Tc4s,Tc,4s,Offsuit,T4o,158
247,Tc8c,Tc,8c,Suited,T8s,38
248,8c5c,8c,5c,Suited,85s,78
249,As4h,As,4h,Offsuit,A4o,104
250,JsJh,Jh,Js,Pair,JJ,5
251,Qh3s,Qh,3s,Offsuit,Q3o,144
252,9d6c,9d,6c,Offsuit,96o,134
253,Qd7c,Qd,7c,Offsuit,Q7o,131
254,As6h,As,6h,Offsuit,A6o,113
255,Kd2d,Kd,2d,Suited,K2s,60
256,Jc9c,Jc,9c,Suited,J9s,26
257,Js2h,Js,2h,Offsuit,J2o,155
258,Jh3d,Jh,3d,Offsuit,J3o,153
259,Td9h,Td,9h,Offsuit,T9o,73
260,Qs9c,Qs,9c,Offsuit,Q9o,83
261,KcTs,Kc,Ts,Offsuit,KTo,45
262,Qc9h,Qc,9h,Offsuit,Q9o,83
263,AsQh,As,Qh,Offsuit,AQo,18
264,8d7h,8d,7h,Offsuit,87o,114
265,Kc4s,Kc,4s,Offsuit,K4o,132
266,8h4d,8h,4d,Offsuit,84o,156
267,Ac9s,Ac,9s,Offsuit,A9o,76
268,9d7d,9d,7d,Suited,97s,54
269,Td4h,Td,4h,Offsuit,T4o,158
270,Td4s,Td,4s,Offsuit,T4o,158
271,7c3h,7c,3h,Offsuit,73o,161
272,KhQh,Kh,Qh,Suited,KQs,7
273,Kc3s,Kc,3s,Offsuit,K3o,133
274,6c4c,6c,4c,Suited,64s,70
275,TsTc,Tc,Ts,Pair,TT,10
276,7h2h,7h,2h,Suited,72s,120
277,Ts6s,Ts,6s,Suited,T6s,74
278,Jc5h,Jc,5h,Offsuit,J5o,149
279,8d6c,8d,6c,Offsuit,86o,126
280,AsJh,As,Jh,Offsuit,AJo,27
281,4s4h,4h,4s,Pair,44,50
282,6h6d,6d,6h,Pair,66,36
283,Td9c,Td,9c,Offsuit,T9o,73
284,QsTd,Qs,Td,Offsuit,QTo,49
285,6h3h,6h,3h,Suited,63s,90
286,Ad2h,Ad,2h,Offsuit,A2o,117
287,8c3c,8c,3c,Suited,83s,116
288,8h2d,8h,2d,Offsuit,82o,168
289,8h3d,8h,3d,Offsuit,83o,167
290,7h7c,7c,7h,Pair,77,29
291,Ac5d,Ac,5d,Offsuit,A5o,101
292,AdKd,Ad,Kd,Suited,AKs,4
293,Qs5h,Qs,5h,Offsuit,Q5o,141
294,AdKh,Ad,Kh,Offsuit,AKo,11
295,9s7d,9s,7d,Offsuit,97o,119
296,Qh2d,Qh,2d,Offsuit,Q2o,146
297,Qh9s,Qh,9s,Offsuit,Q9o,83
298,Ac4h,Ac,4h,Offsuit,A4o,104
299,JcTh,Jc,Th,Offsuit,JTo,47
300,Js5h,Js,5h,Offsuit,J5o,149
301,9s4h,9s,4h,Offsuit,94o,164
302,Td4c,Td,4c,Offsuit,T4o,158
303,Kd8d,Kd,8d,Suited,K8s,37
304,Ah9h,Ah,9h,Suited,A9s,19
305,5c4h,5c,4h,Offsuit,54o,127
306,Kc9s,Kc,9s,Offsuit,K9o,81
307,Td9d,Td,9d,Suited,T9s,23
308,Jd9d,Jd,9d,Suited,J9s,26
309,4d2d,4d,2d,Suited,42s,97
310,5d3h,5d,3h,Offsuit,53o,138
311,Ac5h,Ac,5h,Offsuit,A5o,101
312,Kh6h,Kh,6h,Suited,K6s,53
313,8s6c,8s,6c,Offsuit,86o,126
314,Ah2h,Ah,2h,Suited,A2s,39
315,Ah6h,Ah,6h,Suited,A6s,34
316,Ks7h,Ks,7h,Offsuit,K7o,122
317,Qd5c,Qd,5c,Offsuit,Q5o,141
318,Kc8d,Kc,8d,Offsuit,K8o,112
319,Jc4s,Jc,4s,Offsuit,J4o,152
320,Ad4d,Ad,4d,Suited,A4s,32
321,3h3d,3d,3h,Pair,33,51
322,Tc2s,Tc,2s,Offsuit,T2o,162
323,Ks4s,Ks,4s,Suited,K4s,58
324,4c2s,4c,2s,Offsuit,42o,154
325,Ts5s,Ts,5s,Suited,T5s,93
326,QsJc,Qs,Jc,Offsuit,QJo,35
327,9h9d,9d,9h,Pair,99,17
328,Tc9s,Tc,9s,Offsuit,T9o,73
329,Qh6h,Qh,6h,Suited,Q6s,66
330,9s2s,9s,2s,Suited,92s,111
331,QhJs,Qh,Js,Offsuit,QJo,35
332,9d4d,9d,4d,Suited,94s,106
333,9s2h,9s,2h,Offsuit,92o,166
334,8s2d,8s,2d,Offsuit,82o,168
335,AsAc,Ac,As,Pair,AA,1
336,Jh7c,Jh,7c,Offsuit,J7o,129
337,6c4d,6c,4d,Offsuit,64o,136
338,Qc3c,Qc,3c,Suited,Q3s,72
339,9s4s,9s,4s,Suited,94s,106
340,AhQd,Ah,Qd,Offsuit,AQo,18
341,Jh8h,Jh,8h,Suited,J8s,41
342,Ts8c,Ts,8c,Offsuit,T8o,100
343,TdTc,Tc,Td,Pair,TT,10
344,Qd5h,Qd,5h,Offsuit,Q5o,141
345,Jd8c,Jd,8c,Offsuit,J8o,108
346,5c2d,5c,2d,Offsuit,52o,151
347,Ad3s,Ad,3s,Offsuit,A3o,109
348,Kc8s,Kc,8s,Offsuit,K8o,112
349,Jc8h,Jc,8h,Offsuit,J8o,108
350,KhJc,Kh,Jc,Offsuit,KJo,31
351,9h8h,9h,8h,Suited,98s,40
352,JhTh,Jh,Th,Suited,JTs,16
353,Qs2h,Qs,2h,Offsuit,Q2o,146
354,KsQh,Ks,Qh,Offsuit,KQo,20
355,9s7s,9s,7s,Suited,97s,54
356,5h2s,5h,2s,Offsuit,52o,151
357,8h6c,8h,6c,Offsuit,86o,126
358,Js6h,Js,6h,Offsuit,J6o,147
359,4s2c,4s,2c,Offsuit,42o,154
360,7d3h,7d,3h,Offsuit,73o,161
361,Ts7d,Ts,7d,Offsuit,T7o,124
362,Jc9s,Jc,9s,Offsuit,J9o,80
363,Qd7h,Qd,7h,Offsuit,Q7o,131
364,Qc3h,Qc,3h,Offsuit,Q3o,144
365,8c3s,8c,3s,Offsuit,83o,167
366,6h5s,6h,5s,Offsuit,65o,123
367,4d2s,4d,2s,Offsuit,42o,154
368,5h5d,5d,5h,Pair,55,46
369,Ts5d,Ts,5d,Offsuit,T5o,157
370,6h5c,6h,5c,Offsuit,65o,123
371,Jc5c,Jc,5c,Suited,J5s,82
372,Kh8c,Kh,8c,Offsuit,K8o,112
373,8h5d,8h,5d,Offsuit,85o,139
374,7s5c,7s,5c,Offsuit,75o,130
375,6d3s,6d,3s,Offsuit,63o,148
376,5s3d,5s,3d,Offsuit,53o,138
377,8d2c,8d,2c,Offsuit,82o,168
378,As7c,As,7c,Offsuit,A7o,102
379,5h3s,5h,3s,Offsuit,53o,138
380,Jh2c,Jh,2c,Offsuit,J2o,155
381,8h7d,8h,7d,Offsuit,87o,114
382,Qc7s,Qc,7s,Offsuit,Q7o,131
383,AdJc,Ad,Jc,Offsuit,AJo,27
384,Qc8c,Qc,8c,Suited,Q8s,43
385,9c4d,9c,4d,Offsuit,94o,164
386,Qh8c,Qh,8c,Offsuit,Q8o,115
387,6c3c,6c,3c,Suited,63s,90
388,Kc3d,Kc,3d,Offsuit,K3o,133
389,7d5d,7d,5d,Suited,75s,67
390,QhQd,Qd,Qh,Pair,QQ,3
391,8d5h,8d,5h,Offsuit,85o,139
392,Qd2c,Qd,2c,Offsuit,Q2o,146
393,Ah3c,Ah,3c,Offsuit,A3o,109
394,KhKd,Kd,Kh,Pair,KK,2
395,Ac6h,Ac,6h,Offsuit,A6o,113
396,6h3c,6h,3c,Offsuit,63o,148
397,9d5c,9d,5c,Offsuit,95o,150
398,Tc6s,Tc,6s,Offsuit,T6o,140
399,Td3d,Td,3d,Suited,T3s,96
400,Ad3c,Ad,3c,Offsuit,A3o,109
401,AsQd,As,Qd,Offsuit,AQo,18
402,Jh2h,Jh,2h,Suited,J2s,89
403,AsQs,As,Qs,Suited,AQs,6
404,AsTc,As,Tc,Offsuit,ATo,42
405,Ts7s,Ts,7s,Suited,T7s,57
406,QsTs,Qs,Ts,Suited,QTs,15
407,Jc9d,Jc,9d,Offsuit,J9o,80
408,Th8s,Th,8s,Offsuit,T8o,100
409,Ts6d,Ts,6d,Offsuit,T6o,140
410,Qc4c,Qc,4c,Suited,Q4s,71
411,AdJh,Ad,Jh,Offsuit,AJo,27
412,8h7h,8h,7h,Suited,87s,48
413,5s5d,5d,5s,Pair,55,46
414,9c4h,9c,4h,Offsuit,94o,164
415,JhTd,Jh,Td,Offsuit,JTo,47
416,Kd2s,Kd,2s,Offsuit,K2o,135
417,Qs3s,Qs,3s,Suited,Q3s,72
418,7d2h,7d,2h,Offsuit,72o,169
419,QhJd,Qh,Jd,Offsuit,QJo,35
420,5h3h,5h,3h,Suited,53s,77
421,KdJc,Kd,Jc,Offsuit,KJo,31
422,As3s,As,3s,Suited,A3s,33
423,Jh7s,Jh,7s,Offsuit,J7o,129
424,AhKd,Ah,Kd,Offsuit,AKo,11
425,Tc5d,Tc,5d,Offsuit,T5o,157
426,As8h,As,8h,Offsuit,A8o,91
427,Qd5d,Qd,5d,Suited,Q5s,69
428,7d5c,7d,5c,Offsuit,75o,130
429,5d2d,5d,2d,Suited,52s,92
430,Qh7c,Qh,7c,Offsuit,Q7o,131
431,9s6d,9s,6d,Offsuit,96o,134
432,8d7d,8d,7d,Suited,87s,48
433,Jc3d,Jc,3d,Offsuit,J3o,153
434,7s3d,7s,3d,Offsuit,73o,161
435,7s6d,7s,6d,Offsuit,76o,121
436,7c6c,7c,6c,Suited,76s,56
437,Js7d,Js,7d,Offsuit,J7o,129
438,KhQc,Kh,Qc,Offsuit,KQo,20
439,6d5d,6d,5d,Suited,65s,63
440,Ad6h,Ad,6h,Offsuit,A6o,113
441,Js5d,Js,5d,Offsuit,J5o,149
442,5s3c,5s,3c,Offsuit,53o,138
443,Kh5h,Kh,5h,Suited,K5s,55
444,Ad9c,Ad,9c,Offsuit,A9o,76
445,Kd6h,Kd,6h,Offsuit,K6o,125
446,Ks2d,Ks,2d,Offsuit,K2o,135
447,Jd9s,Jd,9s,Offsuit,J9o,80
448,Ks9h,Ks,9h,Offsuit,K9o,81
449,QcTc,Qc,Tc,Suited,QTs,15
450,5s2h,5s,2h,Offsuit,52o,151
451,9s9c,9c,9s,Pair,99,17
452,QdTd,Qd,Td,Suited,QTs,15
453,9h7d,9h,7d,Offsuit,97o,119
454,4s4d,4d,4s,Pair,44,50
455,Jc4h,Jc,4h,Offsuit,J4o,152
456,Ts7h,Ts,7h,Offsuit,T7o,124
457,Tc9d,Tc,9d,Offsuit,T9o,73
458,KdQh,Kd,Qh,Offsuit,KQo,20
459,Jc6d,Jc,6d,Offsuit,J6o,147
460,6s2d,6s,2d,Offsuit,62o,163
461,Ks7d,Ks,7d,Offsuit,K7o,122
462,Qd3d,Qd,3d,Suited,Q3s,72
463,Ah7h,Ah,7h,Suited,A7s,30
464,Jh9d,Jh,9d,Offsuit,J9o,80
465,Qc6c,Qc,6c,Suited,Q6s,66
466,KsTc,Ks,Tc,Offsuit,KTo,45
467,Qs6d,Qs,6d,Offsuit,Q6o,137
468,QdTs,Qd,Ts,Offsuit,QTo,49
469,AdKc,Ad,Kc,Offsuit,AKo,11
470,Th2s,Th,2s,Offsuit,T2o,162
471,7d6d,7d,6d,Suited,76s,56
472,QsJs,Qs,Js,Suited,QJs,13
473,Td8d,Td,8d,Suited,T8s,38
474,4h2s,4h,2s,Offsuit,42o,154
475,Kc9d,Kc,9d,Offsuit,K9o,81
476,8s4c,8s,4c,Offsuit,84o,156
477,Ts9h,Ts,9h,Offsuit,T9o,73
478,Kd6c,Kd,6c,Offsuit,K6o,125
479,8s3d,8s,3d,Offsuit,83o,167
480,Ad5s,Ad,5s,Offsuit,A5o,101
481,AsKs,As,Ks,Suited,AKs,4
482,8s6d,8s,6d,Offsuit,86o,126
483,3s2c,3s,2c,Offsuit,32o,159
484,8c6s,8c,6s,Offsuit,86o,126
485,Ad4h,Ad,4h,Offsuit,A4o,104
486,Ac5s,Ac,5s,Offsuit,A5o,101
487,QhJc,Qh,Jc,Offsuit,QJo,35
488,Qs3h,Qs,3h,Offsuit,Q3o,144
489,9d3h,9d,3h,Offsuit,93o,165
490,Ac3h,Ac,3h,Offsuit,A3o,109
491,Th7c,Th,7c,Offsuit,T7o,124
492,Js4h,Js,4h,Offsuit,J4o,152
493,KdTc,Kd,Tc,Offsuit,KTo,45
494,KcJc,Kc,Jc,Suited,KJs,9
495,Th2h,Th,2h,Suited,T2s,98
496,Ks8d,Ks,8d,Offsuit,K8o,112
497,Qs6s,Qs,6s,Suited,Q6s,66
498,6c4s,6c,4s,Offsuit,64o,136
499,Ts4h,Ts,4h,Offsuit,T4o,158
500,Jd7c,Jd,7c,Offsuit,J7o,129
501,2h2d,2d,2h,Pair,22,52
502,9c2h,9c,2h,Offsuit,92o,166
503,6d3c,6d,3c,Offsuit,63o,148
504,9d5s,9d,5s,Offsuit,95o,150
505,3h2s,3h,2s,Offsuit,32o,159
506,5h2d,5h,2d,Offsuit,52o,151
507,Kd5c,Kd,5c,Offsuit,K5o,128
508,9d2c,9d,2c,Offsuit,92o,166
509,Js3c,Js,3c,Offsuit,J3o,153
510,5d4s,5d,4s,Offsuit,54o,127
511,Qs7s,Qs,7s,Suited,Q7s,61
512,9c7s,9c,7s,Offsuit,97o,119
513,JdTh,Jd,Th,Offsuit,JTo,47
514,8d3h,8d,3h,Offsuit,83o,167
515,Ah6s,Ah,6s,Offsuit,A6o,113
516,7c6s,7c,6s,Offsuit,76o,121
517,As3h,As,3h,Offsuit,A3o,109
518,Jd4c,Jd,4c,Offsuit,J4o,152
519,Kh3d,Kh,3d,Offsuit,K3o,133
520,Qs4d,Qs,4d,Offsuit,Q4o,143
521,Th3s,Th,3s,Offsuit,T3o,160
522,3h2c,3h,2c,Offsuit,32o,159
523,Tc6d,Tc,6d,Offsuit,T6o,140
524,Js8s,Js,8s,Suited,J8s,41
525,Kc3h,Kc,3h,Offsuit,K3o,133
526,AdJs,Ad,Js,Offsuit,AJo,27
527,Qc2s,Qc,2s,Offsuit,Q2o,146
528,4h3s,4h,3s,Offsuit,43o,142
529,KcQc,Kc,Qc,Suited,KQs,7
530,Kd4d,Kd,4d,Suited,K4s,58
531,Ad7d,Ad,7d,Suited,A7s,30
532,7c2h,7c,2h,Offsuit,72o,169
533,Qd5s,Qd,5s,Offsuit,Q5o,141
534,Js4c,Js,4c,Offsuit,J4o,152
535,8h4h,8h,4h,Suited,84s,94
536,8c4c,8c,4c,Suited,84s,94
537,AhJh,Ah,Jh,Suited,AJs,8
538,AdQh,Ad,Qh,Offsuit,AQo,18
539,Qh3c,Qh,3c,Offsuit,Q3o,144
540,9d6s,9d,6s,Offsuit,96o,134
541,Jh4c,Jh,4c,Offsuit,J4o,152
542,9h3h,9h,3h,Suited,93s,107
543,Ah5c,Ah,5c,Offsuit,A5o,101
544,Qd9c,Qd,9c,Offsuit,Q9o,83
545,7d2d,7d,2d,Suited,72s,120
546,Ah7c,Ah,7c,Offsuit,A7o,102
547,Ac3c,Ac,3c,Suited,A3s,33
548,Ac4d,Ac,4d,Offsuit,A4o,104
549,Qs8h,Qs,8h,Offsuit,Q8o,115
550,9c8c,9c,8c,Suited,98s,40
551,Ad5c,Ad,5c,Offsuit,A5o,101
552,Th2d,Th,2d,Offsuit,T2o,162
553,8c7h,8c,7h,Offsuit,87o,114
554,JcTs,Jc,Ts,Offsuit,JTo,47
555,8s5h,8s,5h,Offsuit,85o,139
556,Th9h,Th,9h,Suited,T9s,23
557,Td8s,Td,8s,Offsuit,T8o,100
558,Td5d,Td,5d,Suited,T5s,93
559,7s4h,7s,4h,Offsuit,74o,145
560,6d2s,6d,2s,Offsuit,62o,163
561,Td2h,Td,2h,Offsuit,T2o,162
562,6c2s,6c,2s,Offsuit,62o,163
563,KcTc,Kc,Tc,Suited,KTs,14
564,Ks4c,Ks,4c,Offsuit,K4o,132
565,Qc5c,Qc,5c,Suited,Q5s,69
566,Ts7c,Ts,7c,Offsuit,T7o,124
567,Td3c,Td,3c,Offsuit,T3o,160
568,6d4h,6d,4h,Offsuit,64o,136
569,Ad9s,Ad,9s,Offsuit,A9o,76
570,9d4s,9d,4s,Offsuit,94o,164
571,7h5h,7h,5h,Suited,75s,67
572,5s4d,5s,4d,Offsuit,54o,127
573,As2d,As,2d,Offsuit,A2o,117
574,Ad8d,Ad,8d,Suited,A8s,24
575,9s3s,9s,3s,Suited,93s,107
576,Qs5c,Qs,5c,Offsuit,Q5o,141
577,Kh3s,Kh,3s,Offsuit,K3o,133
578,6c5d,6c,5d,Offsuit,65o,123
579,Jc7c,Jc,7c,Suited,J7s,64
580,Jh8s,Jh,8s,Offsuit,J8o,108
581,Jc2d,Jc,2d,Offsuit,J2o,155
582,Jh5h,Jh,5h,Suited,J5s,82
583,6h2h,6h,2h,Suited,62s,110
584,5h4h,5h,4h,Suited,54s,65
585,8c5s,8c,5s,Offsuit,85o,139
586,Qd2s,Qd,2s,Offsuit,Q2o,146
587,9s4d,9s,4d,Offsuit,94o,164
588,KdQd,Kd,Qd,Suited,KQs,7
589,AcKc,Ac,Kc,Suited,AKs,4
590,8h2h,8h,2h,Suited,82s,118
591,8c7s,8c,7s,Offsuit,87o,114
592,Td5s,Td,5s,Offsuit,T5o,157
593,8d3d,8d,3d,Suited,83s,116
594,3d2h,3d,2h,Offsuit,32o,159
595,Tc2c,Tc,2c,Suited,T2s,98
596,9d2s,9d,2s,Offsuit,92o,166
597,Qh6d,Qh,6d,Offsuit,Q6o,137
598,Ts3d,Ts,3d,Offsuit,T3o,160
599,Js8c,Js,8c,Offsuit,J8o,108
600,9c7c,9c,7c,Suited,97s,54
601,AhAd,Ad,Ah,Pair,AA,1
602,Kd3c,Kd,3c,Offsuit,K3o,133
603,3s2d,3s,2d,Offsuit,32o,159
604,AhTc,Ah,Tc,Offsuit,ATo,42
605,6h5h,6h,5h,Suited,65s,63
606,5h4d,5h,4d,Offsuit,54o,127
607,Jd3c,Jd,3c,Offsuit,J3o,153
608,9s3c,9s,3c,Offsuit,93o,165
609,8h5c,8h,5c,Offsuit,85o,139
610,8s7c,8s,7c,Offsuit,87o,114
611,Qd7d,Qd,7d,Suited,Q7s,61
612,Jd4h,Jd,4h,Offsuit,J4o,152
613,Kc9c,Kc,9c,Suited,K9s,22
614,Qs7c,Qs,7c,Offsuit,Q7o,131
615,Kh8h,Kh,8h,Suited,K8s,37
616,Qs4h,Qs,4h,Offsuit,Q4o,143
617,7c4c,7c,4c,Suited,74s,85
618,Jc6s,Jc,6s,Offsuit,J6o,147
619,Ah4c,Ah,4c,Offsuit,A4o,104
620,Qc8d,Qc,8d,Offsuit,Q8o,115
621,AdTc,Ad,Tc,Offsuit,ATo,42
622,Kd7c,Kd,7c,Offsuit,K7o,122
623,Ts2s,Ts,2s,Suited,T2s,98
624,Kd9s,Kd,9s,Offsuit,K9o,81
625,As7d,As,7d,Offsuit,A7o,102
626,JsTd,Js,Td,Offsuit,JTo,47
627,Ah5d,Ah,5d,Offsuit,A5o,101
628,Jd7d,Jd,7d,Suited,J7s,64
629,4s3c,4s,3c,Offsuit,43o,142
630,9c6d,9c,6d,Offsuit,96o,134
631,Jd6s,Jd,6s,Offsuit,J6o,147
632,2s2h,2h,2s,Pair,22,52
633,AdQc,Ad,Qc,Offsuit,AQo,18
634,KhTh,Kh,Th,Suited,KTs,14
635,Td7s,Td,7s,Offsuit,T7o,124
636,QsQh,Qh,Qs,Pair,QQ,3
637,Jc2s,Jc,2s,Offsuit,J2o,155
638,Jd5s,Jd,5s,Offsuit,J5o,149
639,AcTd,Ac,Td,Offsuit,ATo,42
640,JdTd,Jd,Td,Suited,JTs,16
641,Jh5s,Jh,5s,Offsuit,J5o,149
642,Jc4d,Jc,4d,Offsuit,J4o,152
643,QhJh,Qh,Jh,Suited,QJs,13
644,6s3h,6s,3h,Offsuit,63o,148
645,Qs7d,Qs,7d,Offsuit,Q7o,131
646,9s6c,9s,6c,Offsuit,96o,134
647,Kc5h,Kc,5h,Offsuit,K5o,128
648,Kd8s,Kd,8s,Offsuit,K8o,112
649,7s7c,7c,7s,Pair,77,29
650,9d6h,9d,6h,Offsuit,96o,134
651,Jh2d,Jh,2d,Offsuit,J2o,155
652,8d6h,8d,6h,Offsuit,86o,126
653,Qc2c,Qc,2c,Suited,Q2s,75
654,8h8c,8c,8h,Pair,88,21
655,Kc5d,Kc,5d,Offsuit,K5o,128
656,Ah8c,Ah,8c,Offsuit,A8o,91
657,Jh7d,Jh,7d,Offsuit,J7o,129
658,7c6d,7c,6d,Offsuit,76o,121
659,Qh9c,Qh,9c,Offsuit,Q9o,83
660,Jh4h,Jh,4h,Suited,J4s,86
661,Th4h,Th,4h,Suited,T4s,95
662,9c8d,9c,8d,Offsuit,98o,99
663,8s7s,8s,7s,Suited,87s,48
664,Tc8s,Tc,8s,Offsuit,T8o,100
665,QhTd,Qh,Td,Offsuit,QTo,49
666,8d5c,8d,5c,Offsuit,85o,139
667,Qs9s,Qs,9s,Suited,Q9s,25
668,Th6s,Th,6s,Offsuit,T6o,140
669,9h4d,9h,4d,Offsuit,94o,164
670,JsJd,Jd,Js,Pair,JJ,5
671,9d3s,9d,3s,Offsuit,93o,165
672,3s2s,3s,2s,Suited,32s,105
673,7s2h,7s,2h,Offsuit,72o,169
674,Ks2s,Ks,2s,Suited,K2s,60
675,QsQc,Qc,Qs,Pair,QQ,3
676,As8c,As,8c,Offsuit,A8o,91
677,9c5h,9c,5h,Offsuit,95o,150
678,KsJh,Ks,Jh,Offsuit,KJo,31
679,QcJd,Qc,Jd,Offsuit,QJo,35
680,As2s,As,2s,Suited,A2s,39
681,Qd6c,Qd,6c,Offsuit,Q6o,137
682,Qc5d,Qc,5d,Offsuit,Q5o,141
683,8s4d,8s,4d,Offsuit,84o,156
684,Td8c,Td,8c,Offsuit,T8o,100
685,8d4h,8d,4h,Offsuit,84o,156
686,7h3d,7h,3d,Offsuit,73o,161
687,Ad2c,Ad,2c,Offsuit,A2o,117
688,Th6d,Th,6d,Offsuit,T6o,140
689,Qs2s,Qs,2s,Suited,Q2s,75
690,Kc4d,Kc,4d,Offsuit,K4o,132
691,AdTh,Ad,Th,Offsuit,ATo,42
692,KdJh,Kd,Jh,Offsuit,KJo,31
693,Qc9s,Qc,9s,Offsuit,Q9o,83
694,9s5h,9s,5h,Offsuit,95o,150
695,QdTh,Qd,Th,Offsuit,QTo,49
696,9h8s,9h,8s,Offsuit,98o,99
697,Qh7h,Qh,7h,Suited,Q7s,61
698,As9d,As,9d,Offsuit,A9o,76
699,Tc3c,Tc,3c,Suited,T3s,96
700,Kh5d,Kh,5d,Offsuit,K5o,128
701,Js5s,Js,5s,Suited,J5s,82
702,Qh8h,Qh,8h,Suited,Q8s,43
703,Qh8d,Qh,8d,Offsuit,Q8o,115
704,Tc5h,Tc,5h,Offsuit,T5o,157
705,9h3s,9h,3s,Offsuit,93o,165
706,8d3c,8d,3c,Offsuit,83o,167
707,KhJh,Kh,Jh,Suited,KJs,9
708,7s5s,7s,5s,Suited,75s,67
709,AcJs,Ac,Js,Offsuit,AJo,27
710,Ah5s,Ah,5s,Offsuit,A5o,101
711,Ah9s,Ah,9s,Offsuit,A9o,76
712,9s4c,9s,4c,Offsuit,94o,164
713,6d5s,6d,5s,Offsuit,65o,123
714,3c2d,3c,2d,Offsuit,32o,159
715,Jc9h,Jc,9h,Offsuit,J9o,80
716,Qs7h,Qs,7h,Offsuit,Q7o,131
717,Ad2d,Ad,2d,Suited,A2s,39
718,Js2s,Js,2s,Suited,J2s,89
719,9c3h,9c,3h,Offsuit,93o,165
720,4c2d,4c,2d,Offsuit,42o,154
721,Qh4s,Qh,4s,Offsuit,Q4o,143
722,Kd7s,Kd,7s,Offsuit,K7o,122
723,Tc2h,Tc,2h,Offsuit,T2o,162
724,Ah8h,Ah,8h,Suited,A8s,24
725,9h4c,9h,4c,Offsuit,94o,164
726,KsKc,Kc,Ks,Pair,KK,2
727,9s8h,9s,8h,Offsuit,98o,99
728,9s7c,9s,7c,Offsuit,97o,119
729,AcQc,Ac,Qc,Suited,AQs,6
730,KhJs,Kh,Js,Offsuit,KJo,31
731,Jc8c,Jc,8c,Suited,J8s,41
732,KdTd,Kd,Td,Suited,KTs,14
733,6s2c,6s,2c,Offsuit,62o,163
734,Kc6d,Kc,6d,Offsuit,K6o,125
735,3s3d,3d,3s,Pair,33,51
736,Qs8c,Qs,8c,Offsuit,Q8o,115
737,4d3d,4d,3d,Suited,43s,84
738,8s8c,8c,8s,Pair,88,21
739,Ac4s,Ac,4s,Offsuit,A4o,104
740,Kh3h,Kh,3h,Suited,K3s,59
741,9h3c,9h,3c,Offsuit,93o,165
742,Jd3s,Jd,3s,Offsuit,J3o,153
743,Jd4d,Jd,4d,Suited,J4s,86
744,7s5h,7s,5h,Offsuit,75o,130
745,9c3c,9c,3c,Suited,93s,107
746,9c4s,9c,4s,Offsuit,94o,164
747,6d4s,6d,4s,Offsuit,64o,136
748,Kd6d,Kd,6d,Suited,K6s,53
749,Kc2h,Kc,2h,Offsuit,K2o,135
750,Jd7h,Jd,7h,Offsuit,J7o,129
751,Jc8s,Jc,8s,Offsuit,J8o,108
752,Kd3h,Kd,3h,Offsuit,K3o,133
753,2d2c,2c,2d,Pair,22,52
754,4h3c,4h,3c,Offsuit,43o,142
755,8c5h,8c,5h,Offsuit,85o,139
756,7s2c,7s,2c,Offsuit,72o,169
757,7c2c,7c,2c,Suited,72s,120
758,Ks3d,Ks,3d,Offsuit,K3o,133
759,Kh2c,Kh,2c,Offsuit,K2o,135
760,8d6d,8d,6d,Suited,86s,62
761,Jh4s,Jh,4s,Offsuit,J4o,152
762,5c3d,5c,3d,Offsuit,53o,138
763,Ad6s,Ad,6s,Offsuit,A6o,113
764,7s4c,7s,4c,Offsuit,74o,145
765,KcJs,Kc,Js,Offsuit,KJo,31
766,Ah3s,Ah,3s,Offsuit,A3o,109
767,8s7d,8s,7d,Offsuit,87o,114
768,4c3s,4c,3s,Offsuit,43o,142
769,Tc7h,Tc,7h,Offsuit,T7o,124
770,9c5c,9c,5c,Suited,95s,88
771,Tc3d,Tc,3d,Offsuit,T3o,160
772,JdTs,Jd,Ts,Offsuit,JTo,47
773,3h2h,3h,2h,Suited,32s,105
774,9h7c,9h,7c,Offsuit,97o,119
775,Ks8s,Ks,8s,Suited,K8s,37
776,Ts8s,Ts,8s,Suited,T8s,38
777,As8d,As,8d,Offsuit,A8o,91
778,5d2h,5d,2h,Offsuit,52o,151
779,As3c,As,3c,Offsuit,A3o,109
780,Jd5d,Jd,5d,Suited,J5s,82
781,8h4s,8h,4s,Offsuit,84o,156
782,Ah4h,Ah,4h,Suited,A4s,32
783,Th3c,Th,3c,Offsuit,T3o,160
784,7s7d,7d,7s,Pair,77,29
785,Qd9d,Qd,9d,Suited,Q9s,25
786,AsJd,As,Jd,Offsuit,AJo,27
787,Th3h,Th,3h,Suited,T3s,96
788,Ad7h,Ad,7h,Offsuit,A7o,102
789,6c3s,6c,3s,Offsuit,63o,148
790,Jh4d,Jh,4d,Offsuit,J4o,152
791,QsTh,Qs,Th,Offsuit,QTo,49
792,Kd7h,Kd,7h,Offsuit,K7o,122
793,Js2c,Js,2c,Offsuit,J2o,155
794,JsTc,Js,Tc,Offsuit,JTo,47
795,5c3s,5c,3s,Offsuit,53o,138
796,KsKd,Kd,Ks,Pair,KK,2
797,Th4d,Th,4d,Offsuit,T4o,158
798,Ac9d,Ac,9d,Offsuit,A9o,76
799,2h2c,2c,2h,Pair,22,52
800,Tc4h,Tc,4h,Offsuit,T4o,158
801,Kd2h,Kd,2h,Offsuit,K2o,135
802,8s4h,8s,4h,Offsuit,84o,156
803,Tc9c,Tc,9c,Suited,T9s,23
804,Ad8h,Ad,8h,Offsuit,A8o,91
805,QdJd,Qd,Jd,Suited,QJs,13
806,5d4c,5d,4c,Offsuit,54o,127
807,Ks9d,Ks,9d,Offsuit,K9o,81
808,3s3c,3c,3s,Pair,33,51
809,Ts9s,Ts,9s,Suited,T9s,23
810,JdJc,Jc,Jd,Pair,JJ,5
811,AhJd,Ah,Jd,Offsuit,AJo,27
812,Qd4c,Qd,4c,Offsuit,Q4o,143
813,Kd9c,Kd,9c,Offsuit,K9o,81
814,Kd4s,Kd,4s,Offsuit,K4o,132
815,9d5h,9d,5h,Offsuit,95o,150
816,4s3h,4s,3h,Offsuit,43o,142
817,Ks8c,Ks,8c,Offsuit,K8o,112
818,6c5c,6c,5c,Suited,65s,63
819,9h2s,9h,2s,Offsuit,92o,166
820,Tc3s,Tc,3s,Offsuit,T3o,160
821,Th4s,Th,4s,Offsuit,T4o,158
822,5h2h,5h,2h,Suited,52s,92
823,9h9c,9c,9h,Pair,99,17
824,QcTs,Qc,Ts,Offsuit,QTo,49
825,AsKd,As,Kd,Offsuit,AKo,11
826,Jh6d,Jh,6d,Offsuit,J6o,147
827,Ts9c,Ts,9c,Offsuit,T9o,73
828,As2c,As,2c,Offsuit,A2o,117
829,9s9h,9h,9s,Pair,99,17
830,AhKc,Ah,Kc,Offsuit,AKo,11
831,5h3d,5h,3d,Offsuit,53o,138
832,Th4c,Th,4c,Offsuit,T4o,158
833,Td5h,Td,5h,Offsuit,T5o,157
834,Qd4h,Qd,4h,Offsuit,Q4o,143
835,Qd9s,Qd,9s,Offsuit,Q9o,83
836,Ks2c,Ks,2c,Offsuit,K2o,135
837,Tc4c,Tc,4c,Suited,T4s,95
838,6s4h,6s,4h,Offsuit,64o,136
839,9h7s,9h,7s,Offsuit,97o,119
840,6s5c,6s,5c,Offsuit,65o,123
841,6h3d,6h,3d,Offsuit,63o,148
842,7d6s,7d,6s,Offsuit,76o,121
843,6s3c,6s,3c,Offsuit,63o,148
844,Ah9d,Ah,9d,Offsuit,A9o,76
845,JsTs,Js,Ts,Suited,JTs,16
846,Kc5s,Kc,5s,Offsuit,K5o,128
847,QcTh,Qc,Th,Offsuit,QTo,49
848,QsJh,Qs,Jh,Offsuit,QJo,35
849,QdJc,Qd,Jc,Offsuit,QJo,35
850,Ad9h,Ad,9h,Offsuit,A9o,76
851,As5c,As,5c,Offsuit,A5o,101
852,Js6d,Js,6d,Offsuit,J6o,147
853,Qs2d,Qs,2d,Offsuit,Q2o,146
854,Qh2h,Qh,2h,Suited,Q2s,75
855,8d2h,8d,2h,Offsuit,82o,168
856,Kc2d,Kc,2d,Offsuit,K2o,135
857,7c4h,7c,4h,Offsuit,74o,145
858,KcQd,Kc,Qd,Offsuit,KQo,20
859,9h2c,9h,2c,Offsuit,92o,166
860,As7s,As,7s,Suited,A7s,30
861,QhQc,Qc,Qh,Pair,QQ,3
862,Qh9h,Qh,9h,Suited,Q9s,25
863,KsJd,Ks,Jd,Offsuit,KJo,31
864,Ts3s,Ts,3s,Suited,T3s,96
865,AcKd,Ac,Kd,Offsuit,AKo,11
866,Td7h,Td,7h,Offsuit,T7o,124
867,8c2s,8c,2s,Offsuit,82o,168
868,6d3h,6d,3h,Offsuit,63o,148
869,8h3h,8h,3h,Suited,83s,116
870,Ts4d,Ts,4d,Offsuit,T4o,158
871,7c6h,7c,6h,Offsuit,76o,121
872,8s8d,8d,8s,Pair,88,21
873,4s3s,4s,3s,Suited,43s,84
874,AhKh,Ah,Kh,Suited,AKs,4
875,4d2h,4d,2h,Offsuit,42o,154
876,7h5s,7h,5s,Offsuit,75o,130
877,5d3d,5d,3d,Suited,53s,77
878,8d5s,8d,5s,Offsuit,85o,139
879,Kc8c,Kc,8c,Suited,K8s,37
880,9h5s,9h,5s,Offsuit,95o,150
881,9h6s,9h,6s,Offsuit,96o,134
882,Ks4d,Ks,4d,Offsuit,K4o,132
883,Kh4s,Kh,4s,Offsuit,K4o,132
884,Kd8h,Kd,8h,Offsuit,K8o,112
885,Ac6s,Ac,6s,Offsuit,A6o,113
886,Jh9s,Jh,9s,Offsuit,J9o,80
887,Qh3d,Qh,3d,Offsuit,Q3o,144
888,7h3s,7h,3s,Offsuit,73o,161
889,Jd9c,Jd,9c,Offsuit,J9o,80
890,Qh5s,Qh,5s,Offsuit,Q5o,141
891,Qc9d,Qc,9d,Offsuit,Q9o,83
892,QdTc,Qd,Tc,Offsuit,QTo,49
893,AcTh,Ac,Th,Offsuit,ATo,42
894,Qh4d,Qh,4d,Offsuit,Q4o,143
895,Ac9c,Ac,9c,Suited,A9s,19
896,4s2d,4s,2d,Offsuit,42o,154
897,Kc4c,Kc,4c,Suited,K4s,58
898,9c7h,9c,7h,Offsuit,97o,119
899,3s3h,3h,3s,Pair,33,51
900,4d4c,4c,4d,Pair,44,50
901,Qh4h,Qh,4h,Suited,Q4s,71
902,KcJd,Kc,Jd,Offsuit,KJo,31
903,8s3c,8s,3c,Offsuit,83o,167
904,7h3c,7h,3c,Offsuit,73o,161
905,6s6h,6h,6s,Pair,66,36
906,Ah6c,Ah,6c,Offsuit,A6o,113
907,Jd2c,Jd,2c,Offsuit,J2o,155
908,Jd3h,Jd,3h,Offsuit,J3o,153
909,6s4c,6s,4c,Offsuit,64o,136
910,Th9s,Th,9s,Offsuit,T9o,73
911,Td6c,Td,6c,Offsuit,T6o,140
912,8c5d,8c,5d,Offsuit,85o,139
913,9c7d,9c,7d,Offsuit,97o,119
914,Ks7s,Ks,7s,Suited,K7s,44
915,7s7h,7h,7s,Pair,77,29
916,Ks8h,Ks,8h,Offsuit,K8o,112
917,8d5d,8d,5d,Suited,85s,78
918,7d3c,7d,3c,Offsuit,73o,161
919,6d4d,6d,4d,Suited,64s,70
920,7c5d,7c,5d,Offsuit,75o,130
921,6h5d,6h,5d,Offsuit,65o,123
922,Qd8d,Qd,8d,Suited,Q8s,43
923,5h2c,5h,2c,Offsuit,52o,151
924,Th8d,Th,8d,Offsuit,T8o,100
925,4s2s,4s,2s,Suited,42s,97
926,KsJc,Ks,Jc,Offsuit,KJo,31
927,KdTs,Kd,Ts,Offsuit,KTo,45
928,Kd9d,Kd,9d,Suited,K9s,22
929,Ac8h,Ac,8h,Offsuit,A8o,91
930,7h4h,7h,4h,Suited,74s,85
931,Td8h,Td,8h,Offsuit,T8o,100
932,Ac8d,Ac,8d,Offsuit,A8o,91
933,Kh2s,Kh,2s,Offsuit,K2o,135
934,Ks6d,Ks,6d,Offsuit,K6o,125
935,9d5d,9d,5d,Suited,95s,88
936,8h6h,8h,6h,Suited,86s,62
937,9c3d,9c,3d,Offsuit,93o,165
938,Kd6s,Kd,6s,Offsuit,K6o,125
939,7h5c,7h,5c,Offsuit,75o,130
940,5s5h,5h,5s,Pair,55,46
941,QdJh,Qd,Jh,Offsuit,QJo,35
942,Ac9h,Ac,9h,Offsuit,A9o,76
943,7h4c,7h,4c,Offsuit,74o,145
944,AcQh,Ac,Qh,Offsuit,AQo,18
945,Tc8d,Tc,8d,Offsuit,T8o,100
946,Ks6h,Ks,6h,Offsuit,K6o,125
947,5c4c,5c,4c,Suited,54s,65
948,6d2d,6d,2d,Suited,62s,110
949,8c2d,8c,2d,Offsuit,82o,168
950,9h6h,9h,6h,Suited,96s,68
951,Ac8c,Ac,8c,Suited,A8s,24
952,Td5c,Td,5c,Offsuit,T5o,157
953,9c3s,9c,3s,Offsuit,93o,165
954,Tc3h,Tc,3h,Offsuit,T3o,160
955,9h5d,9h,5d,Offsuit,95o,150
956,QhTh,Qh,Th,Suited,QTs,15
957,AcJc,Ac,Jc,Suited,AJs,8
958,Jc6h,Jc,6h,Offsuit,J6o,147
959,8s6s,8s,6s,Suited,86s,62
960,AhTd,Ah,Td,Offsuit,ATo,42
961,7s4s,7s,4s,Suited,74s,85
962,8c6h,8c,6h,Offsuit,86o,126
963,Th5h,Th,5h,Suited,T5s,93
964,Ah6d,Ah,6d,Offsuit,A6o,113
965,Jd4s,Jd,4s,Offsuit,J4o,152
966,8d4d,8d,4d,Suited,84s,94
967,Jh5d,Jh,5d,Offsuit,J5o,149
968,Tc7s,Tc,7s,Offsuit,T7o,124
969,8h4c,8h,4c,Offsuit,84o,156
970,AdQd,Ad,Qd,Suited,AQs,6
971,Qc7d,Qc,7d,Offsuit,Q7o,131
972,9d6d,9d,6d,Suited,96s,68
973,Ah9c,Ah,9c,Offsuit,A9o,76
974,6s3s,6s,3s,Suited,63s,90
975,As4d,As,4d,Offsuit,A4o,104
976,Jc5s,Jc,5s,Offsuit,J5o,149
977,Qh5c,Qh,5c,Offsuit,Q5o,141
978,KcQh,Kc,Qh,Offsuit,KQo,20
979,3c2h,3c,2h,Offsuit,32o,159
980,7d4c,7d,4c,Offsuit,74o,145
981,9h8d,9h,8d,Offsuit,98o,99
982,7d2s,7d,2s,Offsuit,72o,169
983,9s8d,9s,8d,Offsuit,98o,99
984,8h5s,8h,5s,Offsuit,85o,139
985,9h4h,9h,4h,Suited,94s,106
986,Jc3c,Jc,3c,Suited,J3s,87
987,8h5h,8h,5h,Suited,85s,78
988,7c2d,7c,2d,Offsuit,72o,169
989,9s7h,9s,7h,Offsuit,97o,119
990,Qh8s,Qh,8s,Offsuit,Q8o,115
991,5s4s,5s,4s,Suited,54s,65
992,6s4d,6s,4d,Offsuit,64o,136
993,Kh4c,Kh,4c,Offsuit,K4o,132
994,Ac2h,Ac,2h,Offsuit,A2o,117
995,Qd3c,Qd,3c,Offsuit,Q3o,144
996,Tc7d,Tc,7d,Offsuit,T7o,124
997,Ac5c,Ac,5c,Suited,A5s,28
998,Js8h,Js,8h,Offsuit,J8o,108
999,9d9c,9c,9d,Pair,99,17
1000,KsQs,Ks,Qs,Suited,KQs,7
1001,6h4d,6h,4d,Offsuit,64o,136
1002,8d7s,8d,7s,Offsuit,87o,114
1003,4d3c,4d,3c,Offsuit,43o,142
1004,4h4d,4d,4h,Pair,44,50
1005,5s2c,5s,2c,Offsuit,52o,151
1006,JsTh,Js,Th,Offsuit,JTo,47
1007,7d4s,7d,4s,Offsuit,74o,145
1008,Js7s,Js,7s,Suited,J7s,64
1009,KhTs,Kh,Ts,Offsuit,KTo,45
1010,9h7h,9h,7h,Suited,97s,54
1011,9c6h,9c,6h,Offsuit,96o,134
1012,Jd2h,Jd,2h,Offsuit,J2o,155
1013,Ah5h,Ah,5h,Suited,A5s,28
1014,8s6h,8s,6h,Offsuit,86o,126
1015,5h4s,5h,4s,Offsuit,54o,127
1016,Th7h,Th,7h,Suited,T7s,57
1017,Qs9d,Qs,9d,Offsuit,Q9o,83
1018,8h8d,8d,8h,Pair,88,21
1019,6c2c,6c,2c,Suited,62s,110
1020,Jc5d,Jc,5d,Offsuit,J5o,149
1021,9c8s,9c,8s,Offsuit,98o,99
1022,6c3d,6c,3d,Offsuit,63o,148
1023,Jh3h,Jh,3h,Suited,J3s,87
1024,Ad6c,Ad,6c,Offsuit,A6o,113
1025,6h3s,6h,3s,Offsuit,63o,148
1026,6c5s,6c,5s,Offsuit,65o,123
1027,Th6h,Th,6h,Suited,T6s,74
1028,Kc9h,Kc,9h,Offsuit,K9o,81
1029,KhTd,Kh,Td,Offsuit,KTo,45
1030,Qd9h,Qd,9h,Offsuit,Q9o,83
1031,Js2d,Js,2d,Offsuit,J2o,155
1032,Qc2h,Qc,2h,Offsuit,Q2o,146
1033,Jd8d,Jd,8d,Suited,J8s,41
1034,6s4s,6s,4s,Suited,64s,70
1035,4h3h,4h,3h,Suited,43s,84
1036,Td3s,Td,3s,Offsuit,T3o,160
1037,Tc8h,Tc,8h,Offsuit,T8o,100
1038,Jd9h,Jd,9h,Offsuit,J9o,80
1039,7c4s,7c,4s,Offsuit,74o,145
1040,4c3h,4c,3h,Offsuit,43o,142
1041,Ts2d,Ts,2d,Offsuit,T2o,162
1042,Kh4d,Kh,4d,Offsuit,K4o,132
1043,Ah7d,Ah,7d,Offsuit,A7o,102
1044,QcJs,Qc,Js,Offsuit,QJo,35
1045,Js3s,Js,3s,Suited,J3s,87
1046,Kc6s,Kc,6s,Offsuit,K6o,125
1047,Ad3d,Ad,3d,Suited,A3s,33
1048,Qh6c,Qh,6c,Offsuit,Q6o,137
1049,6h2c,6h,2c,Offsuit,62o,163
1050,Ts4s,Ts,4s,Suited,T4s,95
1051,Ac4c,Ac,4c,Suited,A4s,32
1052,Th9c,Th,9c,Offsuit,T9o,73
1053,9d4c,9d,4c,Offsuit,94o,164
1054,Th8h,Th,8h,Suited,T8s,38
1055,7d2c,7d,2c,Offsuit,72o,169
1056,5c2c,5c,2c,Suited,52s,92
1057,9s2d,9s,2d,Offsuit,92o,166
1058,Kh8s,Kh,8s,Offsuit,K8o,112
1059,7s5d,7s,5d,Offsuit,75o,130
1060,6s6c,6c,6s,Pair,66,36
1061,Ks3h,Ks,3h,Offsuit,K3o,133
1062,Ah8d,Ah,8d,Offsuit,A8o,91
1063,Jh9c,Jh,9c,Offsuit,J9o,80
1064,KdQc,Kd,Qc,Offsuit,KQo,20
1065,KsQd,Ks,Qd,Offsuit,KQo,20
1066,7c3d,7c,3d,Offsuit,73o,161
1067,Qh7s,Qh,7s,Offsuit,Q7o,131
1068,6d2h,6d,2h,Offsuit,62o,163
1069,9h2d,9h,2d,Offsuit,92o,166
1070,Ac7s,Ac,7s,Offsuit,A7o,102
1071,Jh6h,Jh,6h,Suited,J6s,79
1072,Kd8c,Kd,8c,Offsuit,K8o,112
1073,KdTh,Kd,Th,Offsuit,KTo,45
1074,8c4d,8c,4d,Offsuit,84o,156
1075,8s2h,8s,2h,Offsuit,82o,168
1076,Ts8h,Ts,8h,Offsuit,T8o,100
1077,9h5c,9h,5c,Offsuit,95o,150
1078,Qh6s,Qh,6s,Offsuit,Q6o,137
1079,As6c,As,6c,Offsuit,A6o,113
1080,AhAc,Ac,Ah,Pair,AA,1
1081,8h6d,8h,6d,Offsuit,86o,126
1082,Ac3d,Ac,3d,Offsuit,A3o,109
1083,8c3d,8c,3d,Offsuit,83o,167
1084,7d6c,7d,6c,Offsuit,76o,121
1085,Qd6h,Qd,6h,Offsuit,Q6o,137
1086,As7h,As,7h,Offsuit,A7o,102
1087,Jc2c,Jc,2c,Suited,J2s,89
1088,Jh8d,Jh,8d,Offsuit,J8o,108
1089,5s5c,5c,5s,Pair,55,46
1090,9d7c,9d,7c,Offsuit,97o,119
1091,6h4s,6h,4s,Offsuit,64o,136
1092,Js9c,Js,9c,Offsuit,J9o,80
1093,Qc7c,Qc,7c,Suited,Q7s,61
1094,8s5c,8s,5c,Offsuit,85o,139
1095,8s5d,8s,5d,Offsuit,85o,139
1096,Ad2s,Ad,2s,Offsuit,A2o,117
1097,Ks5h,Ks,5h,Offsuit,K5o,128
1098,Td6d,Td,6d,Suited,T6s,74
1099,4h2h,4h,2h,Suited,42s,97
1100,9s8s,9s,8s,Suited,98s,40
1101,Qh4c,Qh,4c,Offsuit,Q4o,143
1102,9d8c,9d,8c,Offsuit,98o,99
1103,Qh3h,Qh,3h,Suited,Q3s,72
1104,As9c,As,9c,Offsuit,A9o,76
1105,Th2c,Th,2c,Offsuit,T2o,162
1106,Ks4h,Ks,4h,Offsuit,K4o,132
1107,7c5h,7c,5h,Offsuit,75o,130
1108,Ah4s,Ah,4s,Offsuit,A4o,104
1109,8s3s,8s,3s,Suited,83s,116
1110,6h4c,6h,4c,Offsuit,64o,136
1111,Qc7h,Qc,7h,Offsuit,Q7o,131
1112,3h2d,3h,2d,Offsuit,32o,159
1113,AcQd,Ac,Qd,Offsuit,AQo,18
1114,As4c,As,4c,Offsuit,A4o,104
1115,Jd3d,Jd,3d,Suited,J3s,87
1116,7s3s,7s,3s,Suited,73s,103
1117,6d5c,6d,5c,Offsuit,65o,123
1118,Qs5d,Qs,5d,Offsuit,Q5o,141
1119,JhJd,Jd,Jh,Pair,JJ,5
1120,Kh7d,Kh,7d,Offsuit,K7o,122
1121,Ac2s,Ac,2s,Offsuit,A2o,117
1122,7c4d,7c,4d,Offsuit,74o,145
1123,9h4s,9h,4s,Offsuit,94o,164
1124,Ks5d,Ks,5d,Offsuit,K5o,128
1125,Kh3c,Kh,3c,Offsuit,K3o,133
1126,5d4d,5d,4d,Suited,54s,65
1127,Ts2c,Ts,2c,Offsuit,T2o,162
1128,7s2s,7s,2s,Suited,72s,120
1129,AdTs,Ad,Ts,Offsuit,ATo,42
1130,6c2d,6c,2d,Offsuit,62o,163
1131,7h6d,7h,6d,Offsuit,76o,121
1132,4d2c,4d,2c,Offsuit,42o,154
1133,Ts6c,Ts,6c,Offsuit,T6o,140
1134,AhJc,Ah,Jc,Offsuit,AJo,27
1135,KdJd,Kd,Jd,Suited,KJs,9
1136,6s5h,6s,5h,Offsuit,65o,123
1137,5d2c,5d,2c,Offsuit,52o,151
1138,AsQc,As,Qc,Offsuit,AQo,18
1139,KsTs,Ks,Ts,Suited,KTs,14
1140,As5d,As,5d,Offsuit,A5o,101
1141,Ks2h,Ks,2h,Offsuit,K2o,135
1142,5s3s,5s,3s,Suited,53s,77
1143,9d3c,9d,3c,Offsuit,93o,165
1144,Qc4d,Qc,4d,Offsuit,Q4o,143
1145,Qh2s,Qh,2s,Offsuit,Q2o,146
1146,Ks6s,Ks,6s,Suited,K6s,53
1147,6c3h,6c,3h,Offsuit,63o,148
1148,Kc4h,Kc,4h,Offsuit,K4o,132
1149,8c2c,8c,2c,Suited,82s,118
1150,Kc2s,Kc,2s,Offsuit,K2o,135
1151,9s6s,9s,6s,Suited,96s,68
1152,As4s,As,4s,Suited,A4s,32
1153,Th3d,Th,3d,Offsuit,T3o,160
1154,8h2c,8h,2c,Offsuit,82o,168
1155,8s4s,8s,4s,Suited,84s,94
1156,Jc7d,Jc,7d,Offsuit,J7o,129
1157,6s2s,6s,2s,Suited,62s,110
1158,AsAh,Ah,As,Pair,AA,1
1159,3c2c,3c,2c,Suited,32s,105
1160,Ks6c,Ks,6c,Offsuit,K6o,125
1161,AdTd,Ad,Td,Suited,ATs,12
1162,Kh6d,Kh,6d,Offsuit,K6o,125
1163,Qs8d,Qs,8d,Offsuit,Q8o,115
1164,Ad5h,Ad,5h,Offsuit,A5o,101
1165,Kc7c,Kc,7c,Suited,K7s,44
1166,KsKh,Kh,Ks,Pair,KK,2
1167,Ad8c,Ad,8c,Offsuit,A8o,91
1168,Qc8s,Qc,8s,Offsuit,Q8o,115
1169,Jh3c,Jh,3c,Offsuit,J3o,153
1170,Ah4d,Ah,4d,Offsuit,A4o,104
1171,3d2s,3d,2s,Offsuit,32o,159
1172,Jc8d,Jc,8d,Offsuit,J8o,108
1173,7d3d,7d,3d,Suited,73s,103
1174,Qs3d,Qs,3d,Offsuit,Q3o,144
1175,Ad5d,Ad,5d,Suited,A5s,28
1176,Jc3s,Jc,3s,Offsuit,J3o,153
1177,Ks3c,Ks,3c,Offsuit,K3o,133
1178,2s2c,2c,2s,Pair,22,52
1179,Kc2c,Kc,2c,Suited,K2s,60
1180,Kc7d,Kc,7d,Offsuit,K7o,122
1181,QdJs,Qd,Js,Offsuit,QJo,35
1182,7c2s,7c,2s,Offsuit,72o,169
1183,Kh9d,Kh,9d,Offsuit,K9o,81
1184,7d3s,7d,3s,Offsuit,73o,161
1185,AsKc,As,Kc,Offsuit,AKo,11
1186,Kc7h,Kc,7h,Offsuit,K7o,122
1187,Th7d,Th,7d,Offsuit,T7o,124
1188,3s2h,3s,2h,Offsuit,32o,159
1189,JhTc,Jh,Tc,Offsuit,JTo,47
1190,QhTs,Qh,Ts,Offsuit,QTo,49
1191,AhJs,Ah,Js,Offsuit,AJo,27
1192,Th9d,Th,9d,Offsuit,T9o,73
1193,Th5s,Th,5s,Offsuit,T5o,157
1194,Ts3h,Ts,3h,Offsuit,T3o,160
1195,9c6c,9c,6c,Suited,96s,68
1196,Qs4c,Qs,4c,Offsuit,Q4o,143
1197,7h6c,7h,6c,Offsuit,76o,121
1198,9c2s,9c,2s,Offsuit,92o,166
1199,9s2c,9s,2c,Offsuit,92o,166
1200,Qd4d,Qd,4d,Suited,Q4s,71
1201,Qs8s,Qs,8s,Suited,Q8s,43
1202,JcTc,Jc,Tc,Suited,JTs,16
1203,Ad7c,Ad,7c,Offsuit,A7o,102
1204,Qd2d,Qd,2d,Suited,Q2s,75
1205,Qs2c,Qs,2c,Offsuit,Q2o,146
1206,QdQc,Qc,Qd,Pair,QQ,3
1207,Jd2s,Jd,2s,Offsuit,J2o,155
1208,9d8s,9d,8s,Offsuit,98o,99
1209,4s4c,4c,4s,Pair,44,50
1210,As6s,As,6s,Suited,A6s,34
1211,Tc5s,Tc,5s,Offsuit,T5o,157
1212,Td3h,Td,3h,Offsuit,T3o,160
1213,8c3h,8c,3h,Offsuit,83o,167
1214,Ac7c,Ac,7c,Suited,A7s,30
1215,9s3h,9s,3h,Offsuit,93o,165
1216,5s2d,5s,2d,Offsuit,52o,151
1217,Qd8s,Qd,8s,Offsuit,Q8o,115
1218,Ah2d,Ah,2d,Offsuit,A2o,117
1219,Td9s,Td,9s,Offsuit,T9o,73
1220,AhKs,Ah,Ks,Offsuit,AKo,11
1221,7c3c,7c,3c,Suited,73s,103
1222,3c2s,3c,2s,Offsuit,32o,159
1223,7d6h,7d,6h,Offsuit,76o,121
1224,Qh5h,Qh,5h,Suited,Q5s,69
1225,Ad8s,Ad,8s,Offsuit,A8o,91
1226,Js9d,Js,9d,Offsuit,J9o,80
1227,7h2d,7h,2d,Offsuit,72o,169
1228,Kd3d,Kd,3d,Suited,K3s,59
1229,6d2c,6d,2c,Offsuit,62o,163
1230,QcJh,Qc,Jh,Offsuit,QJo,35
1231,8c7c,8c,7c,Suited,87s,48
1232,5d3s,5d,3s,Offsuit,53o,138
1233,Qc5s,Qc,5s,Offsuit,Q5o,141
1234,Qs6c,Qs,6c,Offsuit,Q6o,137
1235,Js4s,Js,4s,Suited,J4s,86
1236,Qc8h,Qc,8h,Offsuit,Q8o,115
1237,Kh6c,Kh,6c,Offsuit,K6o,125
1238,9c8h,9c,8h,Offsuit,98o,99
1239,Jd8s,Jd,8s,Offsuit,J8o,108
1240,Ah3d,Ah,3d,Offsuit,A3o,109
1241,Jd6h,Jd,6h,Offsuit,J6o,147
1242,4c3d,4c,3d,Offsuit,43o,142
1243,Td6s,Td,6s,Offsuit,T6o,140
1244,Jh7h,Jh,7h,Suited,J7s,64
1245,JhTs,Jh,Ts,Offsuit,JTo,47
1246,6s2h,6s,2h,Offsuit,62o,163
1247,8s8h,8h,8s,Pair,88,21
1248,5s3h,5s,3h,Offsuit,53o,138
1249,Qc2d,Qc,2d,Offsuit,Q2o,146
1250,9s3d,9s,3d,Offsuit,93o,165
1251,Qc3s,Qc,3s,Offsuit,Q3o,144
1252,4c2c,4c,2c,Suited,42s,97
1253,Ad3h,Ad,3h,Offsuit,A3o,109
1254,Th5c,Th,5c,Offsuit,T5o,157
1255,Qd3h,Qd,3h,Offsuit,Q3o,144
1256,Js6c,Js,6c,Offsuit,J6o,147
1257,7h4s,7h,4s,Offsuit,74o,145
1258,AcTc,Ac,Tc,Suited,ATs,12
1259,5s4c,5s,4c,Offsuit,54o,127
1260,5d5c,5c,5d,Pair,55,46
1261,8c2h,8c,2h,Offsuit,82o,168
1262,Kh4h,Kh,4h,Suited,K4s,58
1263,Qd3s,Qd,3s,Offsuit,Q3o,144
1264,Ad7s,Ad,7s,Offsuit,A7o,102
1265,Th8c,Th,8c,Offsuit,T8o,100
1266,8s3h,8s,3h,Offsuit,83o,167
1267,Js8d,Js,8d,Offsuit,J8o,108
1268,Jh8c,Jh,8c,Offsuit,J8o,108
1269,Ad4s,Ad,4s,Offsuit,A4o,104
1270,9h2h,9h,2h,Suited,92s,111
1271,Jc2h,Jc,2h,Offsuit,J2o,155
1272,9h6d,9h,6d,Offsuit,96o,134
1273,KcJh,Kc,Jh,Offsuit,KJo,31
1274,Qc3d,Qc,3d,Offsuit,Q3o,144
1275,8h3c,8h,3c,Offsuit,83o,167
1276,KcQs,Kc,Qs,Offsuit,KQo,20
1277,AcJd,Ac,Jd,Offsuit,AJo,27
1278,4d3h,4d,3h,Offsuit,43o,142
1279,Td4d,Td,4d,Suited,T4s,95
1280,KdQs,Kd,Qs,Offsuit,KQo,20
1281,AhQc,Ah,Qc,Offsuit,AQo,18
1282,6h6c,6c,6h,Pair,66,36
1283,9d8d,9d,8d,Suited,98s,40
1284,4c2h,4c,2h,Offsuit,42o,154
1285,Tc4d,Tc,4d,Offsuit,T4o,158
1286,ThTd,Td,Th,Pair,TT,10
1287,9h3d,9h,3d,Offsuit,93o,165
1288,6h2d,6h,2d,Offsuit,62o,163
1289,Kd7d,Kd,7d,Suited,K7s,44
1290,8d6s,8d,6s,Offsuit,86o,126
1291,7h2s,7h,2s,Offsuit,72o,169
1292,6s5d,6s,5d,Offsuit,65o,123
1293,Tc6h,Tc,6h,Offsuit,T6o,140
1294,Ac2c,Ac,2c,Suited,A2s,39
1295,4h4c,4c,4h,Pair,44,50
1296,JsJc,Jc,Js,Pair,JJ,5
1297,AdQs,Ad,Qs,Offsuit,AQo,18
1298,Ks5c,Ks,5c,Offsuit,K5o,128
1299,7s4d,7s,4d,Offsuit,74o,145
1300,Jh6c,Jh,6c,Offsuit,J6o,147
1301,QsJd,Qs,Jd,Offsuit,QJo,35
1302,Js9s,Js,9s,Suited,J9s,26
1303,7s3c,7s,3c,Offsuit,73o,161
1304,Kd2c,Kd,2c,Offsuit,K2o,135
1305,Kd5s,Kd,5s,Offsuit,K5o,128
1306,8h6s,8h,6s,Offsuit,86o,126
1307,Kd9h,Kd,9h,Offsuit,K9o,81
1308,AcQs,Ac,Qs,Offsuit,AQo,18
1309,KhKc,Kc,Kh,Pair,KK,2
1310,Kh7s,Kh,7s,Offsuit,K7o,122
1311,9s6h,9s,6h,Offsuit,96o,134
1312,Jd5h,Jd,5h,Offsuit,J5o,149
1313,Th6c,Th,6c,Offsuit,T6o,140
1314,7h7d,7d,7h,Pair,77,29
1315,8s5s,8s,5s,Suited,85s,78
1316,Kc8h,Kc,8h,Offsuit,K8o,112
1317,7h5d,7h,5d,Offsuit,75o,130
1318,Jh9h,Jh,9h,Suited,J9s,26
1319,Qh5d,Qh,5d,Offsuit,Q5o,141
1320,7s2d,7s,2d,Offsuit,72o,169
1321,Ks9s,Ks,9s,Suited,K9s,22
1322,6s5s,6s,5s,Suited,65s,63
1323,TsTd,Td,Ts,Pair,TT,10
1324,8d2d,8d,2d,Suited,82s,118
1325,Kd5h,Kd,5h,Offsuit,K5o,128
